Title,Date,Source
"Zajedničar = Fraternalist (Allegheny, Pa.) 1894-Current",1894,Library of Congress
"The Sauk Centre Herald (Sauk Centre, Stearns County, Minn.) 1886-Current",1886,Library of Congress
"Bradford County Telegraph (Starke, Fla.) 1888-Current",1888,Library of Congress
"Dayton Daily News (Dayton, Oh) 1987-Current [Online Resource]",1987,Library of Congress
"The Herald-News (Wolf Point, Mont.) 1940-Current",1940,Library of Congress
Expresso das ilhas.,200?,Library of Congress
"The Aberdeen Examiner (Aberdeen, Miss.) 1866-Current",1866,Library of Congress
"The Snyder Signal (Snyder, Scurry County, Texas) 1887-???? [Online Resource]",1887,Library of Congress
"The Houston Chronicle (Houston, Texas) 1912-Current",1912,Library of Congress
"Draugas (Chicago, Ill.) 1917-Current [Online Resource]",1917,Library of Congress
"The Militant (New York, N.Y.) 1941-Current",1941,Library of Congress
"Barbour County Index (Medicine Lodge, Kan.) 1880-Current",1880,Library of Congress
"Amarillo Daily News (Amarillo, Tex.) 19??-Current",19??,Library of Congress
"Jackson County Sentinel (Gainesboro, Tenn.) 1914-Current [Online Resource]",1914,Library of Congress
"The Daily Ardmoreite (Ardmore, Okla.) 1893-Current [Online Resource]",1893,Library of Congress
"Clinch Valley News (Jeffersonville, Va.) 18??-Current [Online Resource]",18??,Library of Congress
"The Snyder Signal (Snyder, Tex.) 1887-????",1887,Library of Congress
"The Fresno Bee (Fresno, Calif.) 1975-Current [Online Resource]",1975,Library of Congress
"The Yale Expositor (Yale, St. Clair County, Mich.) 1894-Current [Online Resource]",1894,Library of Congress
"The Ogden Standard-Examiner (Ogden, Utah) 1920-Current",1920,Library of Congress
"The Reminder (Stamps, Arkansas) 1913-???? [Online Resource]",1913,Library of Congress
Stakhanovite.,1944-01-01,Library of Congress
"News and Citizen (Morrisville and Hyde Park, Vermont) 1881-Current [Online Resource]",1881,Library of Congress
"The Nome Nugget (Nome, Alaska) 1938-Current [Online Resource]",1938,Library of Congress
"The Coolidge Examiner (Coolidge, Ariz.) 1930-Current",1930,Library of Congress
Fraternité,1999,Library of Congress
"The Dawson News (Dawson, Ga.) 1889-Current [Online Resource]",1889,Library of Congress
"The Era-Leader (Franklinton, La.) 1910-Current [Online Resource]",1910,Library of Congress
"Parsons Advocate (Parsons, W. Va.) 1901-Current",1901,Library of Congress
Koha ditore.,1997,Library of Congress
"The Oakes Times (Oakes, Dickey County, North Dakota) 1906-Current [Online Resource]",1906,Library of Congress
"The Forum (Fargo, Nd) 1966-Current [Online Resource]",1966,Library of Congress
"Keowee Courier (Pickens Court House, S.C.) 1849-2019",1849,Library of Congress
"Zgoda = Unity (Chicago, Illinois) 1914-Current",1914,Library of Congress
"The Houston Chronicle (Houston, Tex.) 1912-Current [Online Resource]",1912,Library of Congress
Ámbito financiero,19??,Library of Congress
"Justicia (Phoenix, Ariz.) 19??-????",19??,Library of Congress
"The Pantagraph (Bloomington, Ill. ; Normal, Ill.; Bloomington, Ill.) 1985-Current [Online Resource]",1985,Library of Congress
"The Beaumont Enterprise (Beaumont, Texas) 1904-Current [Online Resource]",1904,Library of Congress
"Idaho County Free Press (Grangeville, Idaho Territory) 1886-Current",1886,Library of Congress
